Seed,Theta,A,Social_Welfare
3,4.0,1,"[17722.825, 12444.825, 10246.900000000001, 8992.925, 8252.675000000003, 12319.475, 12224.0, 11580.800000000001, 11318.85, 10732.100000000002, 10260.05, 10122.95, 9897.55, 9656.5, 9406.650000000001, 9037.150000000001, 8875.025000000001, 8735.099999999999, 11763.525000000001, 11747.95, 11743.475, 11531.225, 11394.95, 11340.95, 11191.425, 11076.975, 10840.900000000001, 10681.7, 10509.75, 10304.800000000001, 10027.5, 9966.650000000001, 9906.475000000002, 9850.025000000001, 9929.05, 10065.775, 9697.6, 9577.025000000001, 9618.900000000001, 9481.275, 9459.150000000001, 9381.625, 9395.625, 9462.125, 9474.725000000002, 9593.5, 9674.45, 9532.425, 9512.1, 9425.175, 9392.425000000001, 9265.525000000001, 9127.900000000001, 9118.675000000001, 9052.7, 8876.575, 8747.875, 8761.425, 8625.025000000001, 11212.425, 11373.75, 11238.725, 11118.525000000001, 11018.075, 10954.25, 10739.550000000001, 10477.775, 10331.975, 10264.650000000001, 10217.45, 9905.05, 9862.25, 9621.425000000001, 9546.125, 9436.425, 9412.600000000002, 9188.075, 9011.45, 8847.475, 8810.85, 8860.2, 8792.35, 8707.0, 11145.925, 11286.825, 11321.15, 11061.025000000001, 11130.8, 10830.85, 10623.900000000001, 10619.650000000001, 10559.7, 10501.1, 10392.900000000001, 10171.425, 10024.425, 9795.35, 9866.325, 9940.725, 9734.6, 9652.025000000001, 9529.0, 9359.875, 9115.025000000001, 9028.875, 9048.75, 8997.225, 8935.575, 8711.025000000001, 11313.775, 11282.725000000002, 11473.875, 11247.275, 11316.150000000001, 11319.575, 11380.5, 11171.900000000001, 11029.150000000001, 10924.825, 10714.725, 10803.575, 10762.25, 10797.400000000001, 10660.225, 10371.650000000001, 10232.1, 10096.349999999999, 9766.075, 9517.375, 9527.575, 9570.7, 9402.150000000001, 9089.975, 9107.35, 9092.675, 9072.125, 8951.425, 8830.725, 8710.375, 11340.825, 11257.275000000001, 11106.475, 11037.35, 10929.3, 10686.225, 10724.725, 10602.3, 10537.975, 10310.675, 10235.7, 10278.375, 10061.6, 9986.75, 9785.225, 9934.7, 9717.25, 9804.975, 9672.2, 9501.95, 9503.3, 9317.35, 9251.875, 9038.25, 8953.574999999999, 8739.300000000003, 11302.2, 11485.025000000001, 11423.825, 11403.400000000001, 11166.3, 11263.95, 11056.1, 10838.650000000001, 10610.7, 10519.025000000001, 10270.0, 10093.75, 9894.55, 9860.725, 9768.175000000001, 9499.125, 9253.675, 9076.425000000001, 9037.575, 8882.45, 8718.175000000003, 11373.350000000002, 11304.7, 11191.2, 11183.45, 11102.275000000001, 11030.349999999999, 10833.150000000001, 10763.525, 10768.75, 10659.95, 10651.600000000002, 10501.175, 10328.550000000001, 10319.275000000001, 10126.25, 10019.0, 9985.350000000002, 9931.5, 9957.925, 9844.525000000001, 9599.225, 9662.900000000001, 9439.475, 9310.875, 9123.075, 9085.625, 9094.1, 8930.275000000001, 8852.85, 8860.425000000001, 8804.425, 8685.425, 11335.75, 11512.9, 11479.150000000001, 11223.05, 11115.150000000001, 10887.350000000002, 10809.925000000001, 10657.175, 10493.575, 10500.125, 10276.125, 10131.725, 10129.95, 10266.225, 10266.000000000002, 10129.650000000001, 9995.75, 9636.9, 9439.325, 9331.875, 9284.0, 9294.725, 9171.05, 9100.3, 9110.875, 8869.9, 8753.35, 8562.5, 11028.35, 11078.100000000002, 11039.825, 11031.175000000001]"
3,4.1,1,"[17383.9, 12670.250000000002, 10712.825, 9560.575, 8346.199999999997, 12191.075, 12041.475000000002, 11614.550000000001, 11405.650000000001, 11017.150000000001, 10540.475, 10077.55, 9810.275000000001, 9570.95, 9316.25, 9022.7, 8761.6, 8677.599999999999, 11655.875, 11760.875, 11765.05, 11601.725000000002, 11599.125, 11564.350000000002, 11498.400000000001, 11429.650000000001, 11502.575, 11233.650000000001, 10944.35, 10915.45, 10669.325, 10454.925000000003, 10379.5, 10200.625, 10050.65, 9989.225, 9745.7, 9696.25, 9501.05, 9350.550000000001, 9153.425, 9181.075, 8998.85, 8810.75, 8561.499999999998, 11238.25, 11361.875, 11303.275000000001, 11404.100000000002, 11259.125, 10930.925, 10862.85, 10685.7, 10636.7, 10555.825, 10171.800000000001, 10061.5, 10026.375, 9890.325, 9772.0, 9861.975, 9875.300000000001, 9687.550000000001, 9715.325, 9708.65, 9516.425000000001, 9378.575, 9183.55, 9027.675, 8807.400000000001, 8606.549999999996, 11224.475, 11289.475, 11302.599999999999, 11022.6, 11010.925, 10921.325, 10692.550000000001, 10350.0, 10356.650000000001, 10212.025, 10117.975, 9933.75, 9731.275, 9483.650000000001, 9365.400000000001, 9217.5, 9022.25, 8983.974999999999, 8937.65, 8851.05, 8757.675000000001, 8667.025, 11347.225, 11408.875, 11395.25, 11186.875, 11061.099999999999, 10701.425, 10716.1, 10537.3, 10388.575, 10254.9, 10240.45, 10138.05, 10006.85, 9937.2, 9815.25, 9777.325, 9725.275, 9701.225, 9638.0, 9621.85, 9610.225, 9445.525, 9190.55, 9061.85, 9003.375, 9009.125, 8810.075, 8728.549999999997, 11431.45, 11424.45, 11252.275, 11272.825, 10986.85, 10787.8, 10794.35, 10576.45, 10258.85, 10304.800000000001, 10172.375, 10041.300000000001, 9923.2, 9730.7, 9594.650000000001, 9488.400000000001, 9341.400000000001, 9303.125, 9257.400000000001, 9123.6, 9142.45, 8970.275, 9039.6, 9019.725, 8934.825, 8653.124999999998, 11310.075, 11464.3, 11305.0, 11214.9, 11053.45, 10902.375, 10706.95, 10518.625000000002, 10357.525000000001, 10093.9, 10008.775000000001, 9865.05, 10046.475, 9918.900000000001, 9855.45, 9699.525000000001, 9756.2, 9788.150000000001, 9610.1, 9506.575, 9418.849999999999, 9268.350000000002, 9082.175, 8821.825, 8702.025, 11622.025, 11639.425000000001, 11533.875, 11282.55, 11281.75, 11197.075, 11080.900000000001, 10886.15, 10773.7, 10586.625, 10510.3, 10310.125, 10145.5, 9895.75, 9755.075, 9550.275000000001, 9566.75, 9498.675000000001, 9327.625, 9119.875, 8991.4, 9114.350000000002, 9125.75, 9088.975, 8900.175000000001, 8833.9, 8618.925, 11328.75, 11439.85, 11127.150000000001, 11103.099999999999, 10986.55, 10886.225, 10770.900000000001, 10542.2, 10585.400000000001, 10290.125, 10250.5, 9959.325, 9980.550000000001, 9743.0, 9752.925, 9573.3, 9524.525, 9469.2, 9402.475, 9173.05, 9051.8, 8976.150000000001, 9038.7, 8876.35, 8678.650000000001, 11266.275000000001, 11366.875, 11175.175, 11084.400000000001, 10982.0, 11034.5, 10818.175000000001, 10686.675000000001, 10554.8, 10466.099999999999, 10324.474999999999, 10291.100000000002, 10237.2, 10177.125, 10002.575, 9745.875, 9481.75, 9354.625, 9166.125000000002, 9075.275, 8836.075, 8837.725, 8697.949999999997, 11265.850000000002, 11541.025000000001, 11512.175000000001]"
3,4.199999999999999,1,"[17421.300000000003, 12453.975000000002, 10205.2, 8919.925000000001, 8109.125000000004, 12056.45, 11841.375, 11472.300000000001, 11120.600000000002, 10836.300000000001, 10327.675000000001, 10103.525, 9993.300000000001, 9744.575, 9516.300000000001, 9289.800000000001, 9026.175, 9046.8, 9051.5, 9032.6, 8848.275, 8742.224999999997, 11642.025, 11706.525000000001, 11558.175, 11349.45, 11211.325, 11113.1, 10981.650000000001, 10776.050000000001, 10635.75, 10602.9, 10531.650000000001, 10496.775, 10384.55, 10190.575, 9926.0, 9787.025000000001, 9564.825, 9493.7, 9490.425000000001, 9269.925, 9192.475, 9024.7, 8875.925, 8802.05, 8829.25, 8727.524999999998, 11392.825, 11484.5, 11368.1, 11211.85, 11124.25, 10924.525000000001, 10695.45, 10510.175000000001, 10578.25, 10412.175, 10000.425000000001, 9890.0, 9889.1, 9722.325, 9577.7, 9530.4, 9479.475, 9520.8, 9549.825, 9411.175, 9416.25, 9318.6, 9209.875, 9154.775, 8998.175, 8962.825, 8892.150000000001, 8751.7, 8702.7, 11282.2, 11418.25, 11397.475, 11165.349999999999, 11315.625, 11220.9, 11290.45, 11185.9, 11123.125, 11026.025000000001, 10830.825, 10613.600000000002, 10535.050000000003, 10248.45, 10139.05, 10124.600000000002, 9901.5, 9800.0, 9606.25, 9602.300000000001, 9386.425000000001, 9279.1, 9297.725, 9324.150000000001, 9134.925, 8792.9, 8832.975, 8746.500000000002, 11308.05, 11489.6, 11492.875, 11303.775, 11330.425, 11278.150000000001, 11221.125, 11062.725, 10988.2, 10913.125, 10778.425000000001, 10713.5, 10588.625, 10624.675, 10699.95, 10575.425, 10459.85, 10432.0, 10235.625, 10204.875, 10095.025000000001, 10194.5, 10075.5, 9976.7, 9898.575, 9601.525000000001, 9448.2, 9307.175, 9082.5, 8960.0, 8732.725, 11422.075, 11391.825, 11224.275000000001, 11086.65, 11104.4, 11005.5, 10729.050000000001, 10792.9, 10668.900000000001, 10372.300000000001, 10330.2, 10372.650000000001, 10064.2, 9757.1, 9565.85, 9461.075, 9219.7, 9195.525, 9125.525000000001, 9063.55, 9032.725, 8915.75, 8804.2, 8673.800000000001, 11382.0, 11577.775000000001, 11472.325, 11348.7, 11328.825, 11169.075, 10984.7, 10894.375, 10620.025000000001, 10348.95, 10188.725, 10167.725, 10243.6, 10269.575, 10065.375, 9974.900000000001, 9825.675000000001, 9825.375, 9548.875, 9554.7, 9313.925, 9236.7, 9011.5, 8985.3, 8911.575, 8676.625000000002, 11280.85, 11542.375, 11459.475, 11217.975, 11149.625, 11112.849999999999, 10919.625, 10714.599999999999, 10643.475, 10468.75, 10468.975000000002, 10349.975000000002, 10145.050000000001, 9901.625, 9592.275, 9532.85, 9443.574999999999, 9259.95, 9187.35, 9120.05, 8932.75, 8819.050000000001, 8664.225, 11240.900000000001, 11398.974999999999, 11257.850000000002, 11098.275000000001, 10902.875, 10875.175, 10657.725000000002, 10660.325, 10386.425000000001, 10327.525, 10216.425, 10038.825, 9825.225, 9782.2, 9635.125, 9521.550000000003, 9531.825, 9466.575, 9287.925000000001, 9167.75, 9061.2, 8932.975, 8883.9, 8719.175000000001, 11280.05, 11387.3, 11322.2, 11089.925, 10929.6, 10728.625, 10706.275, 10645.675000000001, 10512.675000000001, 10610.6, 10785.825, 10707.25, 10708.35, 10610.125, 10367.95, 10243.375, 10089.825]"
3,4.299999999999999,1,"[17435.775, 12566.975000000002, 10617.325, 9323.85, 8337.824999999999, 12428.825, 12400.025000000001, 12123.425000000001, 11715.625, 11627.45, 11234.1, 11141.525000000001, 10961.9, 10848.2, 10578.7, 10305.925, 10209.275000000001, 9945.875, 9661.25, 9505.675000000001, 9243.625, 9120.45, 9183.099999999999, 9207.825, 9065.349999999999, 9046.425000000001, 8963.675, 8858.25, 8755.325, 8636.774999999998, 11586.7, 11751.65, 11846.6, 11722.0, 11564.95, 11447.05, 11421.875, 11412.05, 11214.925, 10846.975, 10611.225, 10546.75, 10414.35, 10284.4, 10262.349999999999, 10091.975, 9988.325, 9887.625, 9733.625, 9704.05, 9437.7, 9464.575, 9547.775, 9471.375, 9273.075, 9041.175, 8947.575, 8828.35, 8824.625, 8738.300000000001, 11516.650000000001, 11751.075, 11481.35, 11394.075, 11128.425000000001, 11012.125, 10969.0, 10871.35, 10774.475, 10654.225, 10548.775000000001, 10264.6, 10228.25, 9966.2, 9985.275000000001, 9857.349999999999, 9511.425, 9271.050000000001, 9032.825, 9006.975000000002, 8786.7, 8713.199999999999, 11398.025000000001, 11457.075, 11349.475, 11128.65, 10961.100000000002, 10805.3, 10723.75, 10465.650000000001, 10419.7, 10291.325, 10210.975000000002, 10108.2, 9940.075, 9738.275000000001, 9781.775, 9597.975, 9552.775, 9508.625, 9402.125, 9424.6, 9309.325, 9187.5, 9044.0, 8770.550000000001, 8652.575, 11262.45, 11259.625, 11140.400000000001, 11011.8, 10703.8, 10466.925, 10273.975, 10481.6, 10314.400000000001, 10361.475, 10234.8, 10304.575, 10196.525, 10048.775, 9944.075, 9825.300000000001, 9786.35, 9608.3, 9363.300000000001, 9140.875, 9015.100000000002, 9114.5, 8868.1, 8696.725, 11189.400000000001, 11250.025, 11186.575, 10995.875, 10994.975000000002, 10775.150000000001, 10602.675, 10441.575, 10431.3, 10275.225, 10280.975, 10068.15, 9966.125, 9813.525, 9856.05, 9684.699999999999, 9581.775000000001, 9644.350000000002, 9568.025, 9611.95, 9415.275, 9317.05, 9237.275, 9200.95, 9146.75, 9015.0, 8754.650000000001, 8756.675000000001, 8775.075, 8578.200000000003, 11189.650000000001, 11350.5, 11296.9, 11177.075, 11000.725, 10973.75, 10723.325, 10564.625, 10252.975, 10305.8, 10257.825, 10195.050000000001, 9898.45, 9820.55, 9872.6, 9668.925, 9549.625, 9462.575, 9288.325, 9147.875, 9144.825, 9190.550000000001, 9223.625, 9186.7, 8903.775000000001, 8713.124999999998, 11195.975000000002, 11143.25, 11010.825, 10862.175, 10726.275000000001, 10526.575, 10442.275000000001, 10502.0, 10422.175000000001, 10394.300000000001, 10135.75, 9928.2, 9763.7, 9610.3, 9461.15, 9317.5, 9355.475, 9391.224999999999, 9325.625, 9264.725, 9437.175, 9275.2, 9247.425, 9097.375, 9168.8, 8937.8, 8901.025, 8602.25, 11064.525000000001, 11103.25, 11064.175, 11100.725, 11081.825, 11004.525, 10699.275000000001, 10520.225, 10371.150000000001, 10220.95, 9964.550000000001, 9790.075, 9619.925, 9544.7, 9481.025000000001, 9343.5, 9197.925, 9178.175000000001, 9112.85, 8947.1, 8634.024999999998, 11096.475, 11180.7, 11051.2, 10834.750000000002, 10668.45, 10715.425, 10665.075, 10583.225, 10483.675000000001, 10513.3, 10262.425, 10117.575, 10015.775000000001, 9942.275000000001]"
3,4.399999999999999,1,"[17668.600000000002, 12718.025000000001, 10641.650000000001, 9266.05, 8296.575, 12268.2, 11867.475000000002, 11240.425000000001, 10716.775, 10146.800000000001, 9958.925000000001, 9501.45, 9130.75, 9119.075, 8978.525000000001, 8521.825, 11622.375, 11919.75, 11707.150000000001, 11499.75, 11470.325, 11418.925, 11247.075, 11151.45, 11088.45, 10860.05, 10603.725, 10338.625, 10336.100000000002, 10240.875, 10100.275000000001, 10006.375, 9797.85, 9699.175000000001, 9672.65, 9449.175, 9362.725, 9251.300000000001, 9086.425000000001, 8925.350000000002, 8900.050000000001, 8833.775000000001, 8588.999999999998, 11418.275000000001, 11483.875, 11274.85, 11025.0, 10871.375, 10785.6, 10732.775, 10589.725, 10576.475000000002, 10508.2, 10301.0, 10204.724999999999, 10004.7, 9898.2, 9944.150000000001, 9955.025000000001, 9941.775000000001, 9719.925, 9473.375, 9353.7, 9239.550000000001, 9192.7, 9156.675, 8985.4, 9008.550000000001, 8749.325, 8488.300000000001, 11109.0, 11277.075, 10944.575, 10802.400000000001, 10593.150000000001, 10443.325, 10302.875, 10140.3, 10091.75, 10166.825, 10171.0, 10031.675, 9894.95, 9767.7, 9662.7, 9603.425, 9498.1, 9607.05, 9443.575, 9203.2, 9131.275000000001, 8910.775, 8877.7, 8814.025000000001, 8777.675, 8558.749999999998, 11202.525, 11092.075, 10915.0, 10727.325, 10617.2, 10473.775000000001, 10359.075, 10422.75, 10248.95, 10189.900000000001, 10088.175000000001, 10034.6, 10013.6, 9870.650000000001, 9944.475000000002, 9724.050000000001, 9493.05, 9414.65, 9426.849999999999, 9230.55, 9100.375, 9013.9, 8784.550000000001, 8603.45, 11181.625, 11253.625, 11039.825, 10951.2, 10786.1, 10796.625, 10582.225, 10417.575, 10019.7, 9861.000000000002, 9716.6, 9530.4, 9433.975, 9349.300000000001, 9250.625, 9121.275000000001, 8920.15, 8881.35, 8662.550000000001, 11122.175, 11154.2, 11159.85, 10970.849999999999, 10658.375, 10565.825, 10527.975000000002, 10213.7, 10168.2, 10161.875, 10191.0, 10121.85, 10007.975, 9664.45, 9559.775, 9579.95, 9576.725, 9496.45, 9516.650000000001, 9153.625, 9042.575, 9166.95, 8906.825, 8869.725, 8710.525, 11249.75, 11288.025000000001, 11020.45, 10954.175, 10839.575, 10704.7, 10518.075, 10467.95, 10306.75, 10142.400000000001, 10126.775, 9886.45, 9638.1, 9586.550000000001, 9506.8, 9379.225000000002, 9327.625, 9136.375, 8938.3, 8791.975, 8646.099999999997, 11132.825, 11311.775, 11280.050000000001, 11075.475, 10984.475, 10830.925, 10807.55, 10636.05, 10598.9, 10549.099999999999, 10369.150000000001, 10070.075, 10048.625, 9931.125, 9824.625, 9558.175, 9387.125, 9371.775, 9280.775000000001, 9258.525000000001, 9241.474999999999, 9216.525000000001, 9001.225, 8906.050000000001, 8909.875, 8929.975, 8875.775000000001, 8673.0, 11119.150000000001, 11263.225, 11228.224999999999, 11065.425000000001, 10866.025000000001, 10902.625, 10634.475, 10744.449999999999, 10504.875, 10530.050000000001, 10435.1, 10359.675000000001, 10182.075, 9975.8, 9869.100000000002, 9953.325, 9940.125, 9728.55, 9641.5, 9477.675, 9328.725, 9458.775000000001, 9378.925000000001, 9349.675, 9309.225000000002, 9102.6, 9162.55, 8996.25, 8696.149999999998, 11357.725, 11355.474999999999, 11254.650000000001, 11272.599999999999, 11241.324999999999, 11033.25, 11017.45, 10804.525000000001]"
3,4.499999999999998,1,"[17213.225000000002, 12054.95, 9843.925000000001, 8420.675, 12813.875, 12689.05, 12042.075, 11598.400000000001, 11037.05, 10572.775000000001, 10167.275, 9767.45, 9458.850000000002, 9205.725, 8910.6, 8859.0, 8775.225, 8514.625, 11635.300000000001, 11796.550000000001, 11610.2, 11691.075, 11513.05, 11406.6, 11414.05, 11284.7, 11113.050000000001, 10833.125, 10795.6, 10597.449999999999, 10505.475, 10318.800000000001, 10069.849999999999, 10153.400000000001, 10023.825, 9662.725, 9274.375000000002, 9131.1, 8890.275000000001, 8659.575, 11606.95, 11713.075, 11622.900000000001, 11519.225000000002, 11513.625, 11351.35, 11334.6, 11161.750000000002, 11270.7, 11186.800000000001, 11014.725, 10937.775000000001, 10901.650000000001, 10814.9, 10677.425, 10752.625, 10482.075, 10274.775, 10099.050000000001, 9814.650000000001, 9725.300000000001, 9438.15, 9406.2, 9200.150000000001, 9048.525000000001, 9003.25, 9136.025, 8882.600000000002, 8711.774999999998, 11457.5, 11602.724999999999, 11518.275000000001, 11385.275000000001, 11325.325, 11380.075, 11089.725, 11190.75, 11182.85, 11036.825, 10918.275000000001, 10885.75, 10771.95, 10495.9, 10454.35, 10432.225, 10417.325, 10386.95, 10267.050000000001, 10213.725, 10024.949999999999, 9915.5, 9706.75, 9496.974999999999, 9274.325, 9019.2, 9007.95, 8906.225, 8984.7, 8922.825, 8919.175, 8727.624999999996, 11328.725, 11493.900000000001, 11348.400000000001, 11192.6, 11251.725, 11142.775, 11056.85, 10783.625, 10771.875, 10686.075, 10405.175000000001, 10311.475, 10412.400000000001, 10283.125, 10135.675, 9860.525000000001, 9746.725, 9657.300000000001, 9573.949999999999, 9612.9, 9595.175, 9466.900000000001, 9205.225, 9052.4, 8999.55, 8861.725, 8617.375, 11253.775000000001, 11455.574999999999, 11335.900000000001, 11130.975, 10960.2, 10735.075, 10665.900000000001, 10580.025000000001, 10452.325, 10523.225, 10433.575, 10176.725, 10052.375, 10064.45, 9839.325, 9965.45, 9819.05, 9714.275000000001, 9658.725, 9684.725000000002, 9578.150000000001, 9568.325, 9445.375, 9299.050000000001, 9130.075, 9001.975000000002, 8907.25, 8761.8, 8766.650000000001, 8733.224999999999, 11222.099999999999, 11321.35, 11190.575, 11205.025, 10992.95, 10874.625, 10664.400000000001, 10538.15, 10271.7, 10182.275000000001, 10040.5, 10008.175, 9759.900000000001, 9758.775000000001, 9495.6, 9390.625, 9256.875, 9155.0, 9056.05, 9005.325, 8942.55, 8891.7, 8788.275, 8703.149999999998, 11386.975, 11566.599999999999, 11480.375000000002, 11372.475000000002, 11388.325, 11307.400000000001, 11234.05, 11107.675, 11028.95, 11087.325, 10988.425000000001, 10718.475000000002, 10421.2, 10302.875, 10079.775000000001, 9926.6, 9890.325, 9763.875, 9561.325, 9490.650000000001, 9208.725, 9173.5, 9116.175, 8990.25, 8915.625, 8956.275000000001, 8906.15, 8757.125, 8739.850000000002, 11217.95, 11435.400000000001, 11271.8, 11227.550000000001, 11039.225, 11040.350000000002, 10798.400000000001, 10653.625, 10534.550000000001, 10355.75, 10331.175000000001, 10359.85, 10358.5, 10286.725, 10047.55, 9937.325, 9992.425, 9782.875, 9626.125000000002, 9421.575, 9364.675000000001, 9296.75, 8967.075, 8839.725, 8666.350000000002, 11190.7, 11145.575, 11220.775000000001, 11196.275000000001, 10985.825, 10699.5, 10476.75, 10487.025000000001, 10347.7, 10278.825, 10294.625, 10236.475, 10314.5, 10099.650000000001]"
3,4.599999999999998,1,"[17509.300000000003, 12656.2, 10284.775000000001, 8837.475000000002, 8063.6, 12047.125000000002, 11863.5, 11420.2, 11094.400000000001, 10792.825, 10443.7, 10075.9, 9687.325, 9349.3, 9183.775000000001, 8887.974999999999, 8594.2, 11564.900000000001, 11741.825, 11739.0, 11643.6, 11453.475, 11370.825, 11421.075, 11290.900000000001, 11178.900000000001, 10844.925000000001, 10768.125, 10655.975, 10575.325, 10508.75, 10390.8, 10325.275, 10228.775, 10180.45, 9963.9, 9853.525000000001, 9804.525000000001, 9755.975, 9511.2, 9209.075, 8981.8, 9008.675, 8754.724999999999, 8515.474999999999, 11205.625, 11127.725, 10933.675, 10779.975, 10682.425, 10406.95, 10319.925000000001, 10144.225, 9973.625, 9909.45, 9877.8, 9857.925, 9754.2, 9856.0, 9643.675, 9431.0, 9437.325, 9330.325, 9205.6, 8986.95, 9096.050000000001, 8883.525000000001, 8797.525, 8833.775, 8724.250000000002, 11452.400000000001, 11665.95, 11482.175, 11442.325, 11353.775000000001, 11516.7, 11390.125, 11169.525000000001, 11028.850000000002, 10759.575, 10721.525000000001, 10699.625, 10526.55, 10323.875, 10217.975, 10171.800000000001, 10157.9, 10049.325, 10078.975000000002, 9927.35, 9760.900000000001, 9549.625, 9519.975, 9499.95, 9348.7, 9309.150000000001, 9251.400000000001, 8977.650000000001, 8862.45, 8610.8, 11413.625, 11590.425, 11466.575, 11350.400000000001, 11403.725000000002, 11319.225, 10938.850000000002, 10856.325, 10769.425, 10720.875, 10634.875000000002, 10652.675000000001, 10534.475, 10320.975000000002, 10194.825, 9986.45, 9735.7, 9538.075, 9541.45, 9469.075, 9456.925, 9456.025000000001, 9297.925, 9200.75, 9142.0, 9061.425, 8881.075, 8730.349999999999, 11269.725, 11318.724999999999, 11350.0, 11295.099999999999, 11278.95, 11236.95, 11182.975, 11125.325, 10952.050000000001, 10788.35, 10534.7, 10396.125, 10215.0, 9993.6, 9835.800000000001, 9665.650000000001, 9726.275000000001, 9647.35, 9572.2, 9338.225, 9284.7, 9132.7, 8864.375, 8677.400000000001, 11360.775000000001, 11611.075, 11462.725, 11189.95, 10986.2, 10970.35, 10760.125, 10647.225000000002, 10521.900000000001, 10352.35, 10437.600000000002, 10394.175000000001, 10324.400000000001, 10167.150000000001, 10004.2, 9912.3, 9681.0, 9734.4, 9593.725, 9357.650000000001, 9329.650000000001, 9353.7, 9339.099999999999, 9340.0, 9154.725, 9004.45, 8902.95, 8781.35, 8500.675, 11086.300000000001, 11312.225000000002, 11177.65, 10909.5, 10797.95, 10900.025000000001, 10816.925, 10569.0, 10385.525000000001, 10233.325, 10113.2, 10004.925, 9751.224999999999, 9641.375, 9457.575, 9330.675000000001, 9083.875, 8922.075, 8636.199999999997, 11199.55, 11279.150000000001, 11079.199999999999, 11152.025000000001, 11047.7, 10946.2, 10973.175000000001, 10696.225, 10613.8, 10458.225, 10392.625, 10348.025000000001, 10129.45, 9860.400000000001, 9730.45, 9626.925000000001, 9625.35, 9423.125000000002, 9228.825, 9161.65, 9098.5, 8862.675, 8734.2, 11157.1, 11369.475, 11422.300000000001, 11433.25, 11335.925000000001, 11253.175, 11225.975, 10987.525000000001, 10912.45, 10791.875, 10600.275000000001, 10655.825, 10575.1, 10513.225, 10189.975000000002, 10009.675000000001, 9930.525000000001, 9916.675, 9930.75, 9918.7, 9916.85, 9818.625, 9744.225000000002, 9716.55, 9648.325, 9483.724999999999, 9361.000000000002]"
3,4.6999999999999975,1,"[17157.975, 12112.700000000003, 10117.45, 8976.6, 8098.250000000002, 11911.900000000001, 11677.925000000001, 11157.100000000002, 10967.050000000001, 10380.900000000001, 9952.425, 9703.025, 9488.725, 9426.85, 9235.825, 8986.2, 9081.825, 8908.175, 8983.900000000001, 8838.1, 8759.625, 8696.174999999997, 11674.75, 11663.35, 11577.575, 11349.175, 11343.5, 11267.75, 10983.0, 10918.425, 10921.1, 10992.6, 10723.1, 10487.125, 10327.85, 10162.75, 9996.45, 9920.25, 9848.45, 9643.525000000001, 9536.275000000001, 9300.975, 9025.975, 8884.925000000001, 8744.924999999997, 11526.85, 11755.150000000001, 11735.625, 11779.85, 11657.275000000001, 11416.075, 11263.425, 11223.375, 11302.75, 11077.175000000001, 10777.975000000002, 10482.725, 10287.1, 10184.925000000001, 10134.975, 9907.475, 9793.725, 9784.8, 9564.025000000001, 9387.975000000002, 9218.35, 9083.650000000001, 9119.675, 8987.125, 8775.55, 8681.399999999998, 11350.2, 11432.775000000001, 11398.225, 11271.025000000001, 11182.85, 11178.900000000001, 10934.5, 10732.475, 10739.125, 10529.025000000001, 10382.7, 10439.375, 10273.075, 10176.2, 10245.974999999999, 10109.175000000001, 9926.525000000001, 9877.975, 9673.85, 9614.2, 9601.4, 9454.224999999999, 9344.7, 9178.275000000001, 9080.95, 9031.650000000001, 9039.775, 8971.325, 8879.875, 8935.275000000001, 9060.85, 8857.325, 8798.125, 8866.1, 8826.025, 8620.425000000001, 11060.900000000001, 11206.175, 11113.150000000001, 11128.2, 10950.724999999999, 10649.2, 10599.775, 10458.65, 10568.575, 10331.975, 10237.025, 10312.175, 10193.75, 10055.400000000001, 10031.800000000001, 9794.7, 9677.1, 9533.550000000001, 9572.35, 9501.075, 9446.05, 9231.65, 9059.475, 8968.25, 8826.475, 8889.775, 8662.15, 11425.825, 11503.800000000001, 11542.3, 11440.35, 11221.550000000001, 11188.800000000001, 10905.425, 10881.375, 10918.75, 10776.825, 10736.975000000002, 10817.025000000001, 10682.225000000002, 10585.350000000002, 10373.100000000002, 10072.775, 9941.475, 9984.825, 9896.2, 9804.175, 9644.75, 9641.025000000001, 9721.525, 9481.2, 9341.550000000001, 9080.25, 8920.600000000002, 8751.85, 8599.324999999999, 11313.400000000001, 11325.150000000001, 11198.925, 10912.150000000001, 10951.025000000001, 10786.0, 10694.1, 10513.650000000001, 10415.150000000001, 10150.725, 10041.925, 10017.5, 9986.975000000002, 9965.900000000001, 9983.25, 9811.85, 9601.05, 9394.550000000001, 9223.775000000001, 9240.525, 9195.4, 9183.625, 9062.400000000001, 8971.175, 8885.025000000001, 8686.400000000001, 11284.625, 11352.975, 11181.475, 11252.2, 11223.975, 11213.625, 10911.05, 10891.625, 10781.85, 10869.35, 10741.050000000001, 10553.475, 10471.925000000001, 10292.675, 10295.5, 10216.5, 10225.725000000002, 9949.0, 9648.375, 9351.225, 9618.925, 9241.675000000001, 9126.3, 9096.0, 9033.975, 9034.875, 8968.75, 8706.550000000001, 11170.775000000001, 11365.075, 11292.025000000001, 11007.85, 10937.199999999999, 10870.475, 10718.475, 10491.425000000001, 10246.325, 10041.775, 9930.075, 9840.400000000001, 9745.45, 9767.875000000002, 9728.65, 9431.05, 9270.425, 9081.575, 9128.2, 9100.275000000001, 9039.225, 9100.825, 8722.375, 11307.325, 11478.675000000001, 11475.025000000001, 11497.35, 11388.325, 11285.175, 11150.400000000001, 11017.3, 10795.625, 10748.05]"
3,4.799999999999997,1,"[17599.45, 12703.7, 10554.575, 9505.575, 8506.724999999999, 12585.8, 12368.275000000001, 12065.55, 11726.925, 11358.300000000001, 10986.400000000001, 10856.675, 10755.175, 10643.475, 10326.275000000001, 10109.65, 10034.2, 9904.625, 9639.875, 9659.525, 9319.125000000002, 9094.45, 8945.349999999999, 8914.0, 8835.3, 8955.725, 8847.375, 8827.05, 8643.574999999997, 11540.075, 11681.875, 11611.2, 11673.3, 11451.175, 11229.050000000001, 11213.1, 11092.975, 11095.375, 10840.325, 10760.800000000001, 10668.45, 10575.65, 10451.45, 10283.900000000001, 10350.85, 10314.95, 10208.825, 10223.275000000001, 10054.6, 9702.375, 9606.100000000002, 9640.775, 9501.375, 9431.6, 9283.925000000001, 9256.6, 9082.95, 9058.425000000001, 8991.025000000001, 8748.85, 8673.349999999999, 11398.825, 11537.7, 11393.625, 11408.875, 11306.125, 11373.3, 11097.6, 10842.225, 10745.350000000002, 10691.725, 10670.825, 10546.375, 10546.6, 10304.875, 10221.775000000001, 10206.650000000001, 10013.125, 9922.5, 9752.55, 9594.375, 9407.599999999999, 9234.025000000001, 8995.800000000001, 8896.1, 8881.650000000001, 8539.099999999999, 11063.275, 11416.55, 11462.5, 11469.5, 11382.225, 11298.225000000002, 11137.875, 11228.35, 11134.750000000002, 10973.625, 10761.05, 10488.650000000001, 10269.050000000001, 10180.8, 9983.250000000002, 9756.275000000001, 9687.400000000001, 9439.125, 9080.325, 8976.825, 8788.95, 8704.500000000002, 11463.625, 11438.55, 11323.05, 11416.65, 11355.8, 11211.4, 11190.625, 11177.5, 11040.300000000001, 10930.7, 10919.300000000001, 10833.675000000001, 10878.875, 10712.0, 10511.45, 10454.325, 10295.25, 10162.4, 10138.575, 10090.7, 10148.125, 9969.125, 9995.325, 9962.425, 9814.175000000001, 9584.725, 9718.7, 9802.475000000002, 9388.650000000001, 9213.650000000001, 9139.975, 9056.95, 9076.25, 8949.125, 8884.5, 8855.525000000001, 8838.775, 8592.575, 10972.725, 11128.650000000001, 10959.525, 10850.35, 10702.099999999999, 10675.8, 10759.8, 10578.025000000001, 10466.25, 10465.575, 10376.15, 10194.6, 10290.800000000001, 10210.75, 10115.225, 10115.0, 9903.075, 9776.974999999999, 9617.775000000001, 9600.95, 9331.225, 9253.325, 9173.275000000001, 9049.075, 8995.45, 8868.55, 9046.375, 9056.65, 8973.325, 8924.550000000001, 8942.5, 8809.275000000001, 8724.6, 11258.25, 11473.45, 11465.1, 11473.000000000002, 11397.925, 11121.875, 11039.0, 11000.725, 10984.925, 11198.650000000001, 11142.650000000001, 10996.775000000001, 10987.3, 10870.0, 10597.225, 10252.5, 10100.525000000001, 9759.325, 9445.975000000002, 9100.375, 8978.150000000001, 8783.5, 8701.275, 11227.975000000002, 11411.625, 11246.725000000002, 11177.85, 11070.7, 10936.675000000001, 10804.25, 10556.875, 10457.975000000002, 10287.675000000001, 10164.6, 10246.575, 10126.75, 10023.1, 9892.7, 9620.525000000001, 9530.5, 9412.300000000001, 9163.8, 9136.575, 8929.975, 8653.050000000001, 11243.95, 11224.2, 11139.25, 10994.625000000002, 10800.775000000001, 10722.875, 10584.225, 10512.875, 10557.7, 10375.475, 10288.425, 10031.0, 9860.975, 9710.475, 9558.175, 9334.525, 9283.6, 9197.675, 9058.125, 8816.85, 8698.975, 11393.85, 11474.275000000001, 11388.2, 11463.975]"
3,4.899999999999997,1,"[17743.1, 12335.600000000002, 10144.075, 8667.075000000003, 13119.400000000001, 12824.275000000001, 12256.775000000001, 11669.9, 11404.500000000002, 10976.75, 10733.900000000001, 10403.925, 10298.175, 9979.075, 9845.175, 9722.0, 9496.425, 9313.075, 9066.375, 8865.625, 8613.400000000001, 11484.300000000001, 11816.35, 11696.975000000002, 11387.05, 11352.150000000001, 11172.225000000002, 10934.300000000001, 10731.150000000001, 10578.625000000002, 10366.1, 10320.275000000001, 10121.775000000001, 10006.725, 9795.025000000001, 9682.5, 9515.675, 9366.375, 9414.400000000001, 9414.150000000001, 9328.150000000001, 9330.7, 9332.325, 9249.0, 9364.65, 9341.400000000001, 9232.675000000001, 9079.125, 8886.05, 8820.8, 8753.175000000001, 8620.400000000001, 11241.675, 11251.95, 11205.65, 11084.725, 11044.650000000001, 10879.025000000001, 10717.8, 10587.1, 10521.05, 10544.875, 10414.925, 10286.175000000001, 10092.8, 9905.800000000001, 9747.625, 9661.625, 9637.125, 9595.125, 9494.525000000001, 9308.650000000001, 9110.400000000001, 8948.5, 8720.325000000003, 11436.8, 11349.525, 11324.075, 11117.025, 11104.725, 10936.275000000001, 10778.275000000001, 10669.325, 10430.875, 10216.725, 10071.95, 9929.275000000001, 9820.775000000001, 9687.1, 9389.725, 9277.575, 9170.55, 9181.650000000001, 9107.775, 8987.425000000001, 8773.7, 8722.325, 11060.875, 10998.775000000001, 11086.95, 11134.75, 10891.775000000001, 10936.45, 10686.300000000001, 10595.1, 10490.775, 10255.15, 10099.675, 10012.474999999999, 10032.575, 9821.3, 9881.325, 9750.400000000001, 9648.0, 9683.000000000002, 9504.8, 9351.7, 9240.05, 9034.224999999999, 8755.1, 8703.125000000002, 11160.15, 11333.525000000001, 11222.95, 11168.95, 11113.975000000002, 10920.275, 10855.7, 10663.675, 10615.7, 10549.95, 10415.55, 10450.175, 10279.2, 10222.525, 10098.25, 9927.100000000002, 9807.425000000001, 9783.599999999999, 9659.75, 9698.375, 9547.0, 9449.900000000001, 9393.099999999999, 9312.725, 9363.224999999999, 9178.900000000001, 9157.75, 9018.95, 8939.85, 8819.725, 8774.975, 8715.7, 11281.3, 11324.2, 11282.8, 11129.775, 10956.725000000002, 10878.0, 10781.2, 10859.550000000001, 10643.650000000001, 10515.425, 10309.900000000001, 10086.85, 9979.375, 9804.975, 9762.375, 9593.575, 9447.475, 9299.35, 9135.2, 9146.675, 8996.025, 8955.0, 8910.85, 8764.825, 8675.449999999997, 11183.525000000001, 11365.849999999999, 11219.2, 11142.300000000001, 11131.85, 11016.425, 10760.925000000001, 10727.275000000001, 10750.800000000001, 10593.0, 10544.075, 10404.375, 10463.2, 10474.150000000001, 10502.15, 10278.375, 10137.7, 10224.525000000001, 10245.750000000002, 10063.75, 10046.125, 9946.2, 9923.275, 9800.675, 9636.175000000001, 9413.875, 9358.099999999999, 9174.075, 9023.8, 8956.625, 8844.85, 8720.775, 11333.125, 11311.324999999999, 11188.375, 11060.45, 10885.35, 10801.8, 10733.724999999999, 10781.475000000002, 10596.2, 10460.375, 10607.475, 10458.225, 10219.425, 9971.95, 9920.925, 9800.575, 9633.25, 9529.15, 9483.775000000001, 9322.1, 9092.900000000001, 9047.85, 8930.325, 8785.575, 8535.374999999998, 10904.425, 11061.475, 11013.825, 10975.9, 10727.625, 10730.325, 10782.150000000001, 10641.025000000001, 10547.325, 10541.675000000001, 10511.075, 10295.775, 10290.125, 10143.8, 10064.875]"
3,4.9999999999999964,1,"[17232.200000000004, 12239.375000000002, 10129.575, 8924.925000000001, 7987.2750000000015, 11773.825, 11567.85, 11044.575, 10711.05, 10152.975, 9967.325, 9644.650000000001, 9285.2, 9204.325, 8945.55, 8967.45, 8827.375, 8664.574999999999, 11572.2, 11821.275000000001, 11642.7, 11327.375, 11027.275, 10820.55, 10754.625, 10635.475, 10572.8, 10476.075, 10259.75, 10198.325, 10230.625, 9851.6, 9784.425000000001, 9695.125, 9401.800000000001, 9311.025000000001, 8879.5, 8833.1, 8674.475, 11442.075, 11619.9, 11543.8, 11382.45, 11326.900000000001, 11344.325, 11295.625, 11114.65, 11073.9, 11036.525000000001, 11040.025, 10845.050000000001, 10793.45, 10560.975, 10594.725, 10398.95, 10374.900000000001, 10252.75, 10222.6, 10017.125, 9893.5, 9887.85, 9644.2, 9391.400000000001, 9237.975, 9028.425, 8982.925000000001, 8869.575, 8846.425, 8837.275, 8719.525000000003, 11321.599999999999, 11551.025000000001, 11600.25, 11575.75, 11610.575, 11688.325, 11565.375, 11437.225000000002, 11275.125, 11119.400000000001, 10967.175, 10823.025, 10705.275000000001, 10570.025000000001, 10325.7, 10359.35, 10309.900000000001, 10118.75, 9898.325, 9814.85, 9819.775000000001, 9758.575, 9653.35, 9495.275, 9251.850000000002, 8903.325, 8777.025000000001, 8765.175000000001, 8442.275000000003, 10847.975, 10945.825, 10836.225, 10544.825, 10528.9, 10519.600000000002, 10421.6, 10271.225000000002, 10261.325, 9991.6, 9726.575, 9329.724999999999, 9273.725, 9082.8, 9096.35, 8884.100000000002, 8863.324999999999, 8825.95, 8647.225, 11253.125, 11452.475, 11307.925, 11212.225, 11089.350000000002, 10849.775000000001, 10875.175, 10626.675000000001, 10468.5, 10371.400000000001, 10249.575, 9934.275000000001, 9640.925, 9599.150000000001, 9343.875, 9103.625, 9009.35, 8837.625, 8824.300000000001, 8677.525, 11326.0, 11387.425000000001, 11368.9, 11125.25, 10975.2, 10728.275000000001, 10508.8, 10354.575, 10282.650000000001, 10129.025000000001, 10002.35, 9956.7, 9754.95, 9656.275000000001, 9653.225, 9530.275, 9454.625, 9397.5, 9273.65, 9179.150000000001, 9066.125, 8847.900000000001, 8683.4, 11247.875, 11399.95, 11377.150000000001, 11214.575, 11036.75, 10979.05, 10909.725, 10779.1, 10663.825, 10534.325, 10428.650000000001, 10192.125, 10036.550000000001, 9797.075, 9683.95, 9461.875, 9230.100000000002, 9168.675, 9122.5, 8900.75, 8853.775000000001, 8730.15, 11334.475, 11437.325, 11420.95, 11309.025, 11103.100000000002, 11170.95, 11004.375, 10922.45, 10633.975000000002, 10508.2, 10161.325, 9969.35, 9972.175, 9712.95, 9579.5, 9405.975000000002, 9339.025000000001, 9326.150000000001, 9018.6, 8947.35, 8787.825, 8699.649999999996, 11245.5, 11413.500000000002, 11343.275000000001, 11130.900000000001, 11225.625, 11266.724999999999, 11009.3, 10987.175000000001, 10866.825, 10628.025000000001, 10430.9, 10132.725, 10010.8, 9712.625, 9573.375, 9562.2, 9285.474999999999, 9288.475000000002, 9362.2, 9203.125, 9138.2, 9106.025, 8785.900000000001, 8916.65, 8832.2, 8679.324999999999, 11043.625, 11086.65, 11086.425000000001, 11027.95, 11081.650000000001, 10856.300000000001, 10632.675, 10462.825, 10562.400000000001, 10526.05, 10237.85, 9936.1, 9742.925, 9798.400000000001, 9815.675, 9682.375, 9443.775000000001, 9346.45, 9179.05]"
