Seed,Theta,A,Payoff
0,4.0,1,"[31370.199999999997, 32340.350000000002, 32461.075000000004, 32563.15, 32588.9, 32500.25, 32557.350000000002, 32555.625000000004, 32547.175, 32772.100000000006, 32701.375, 32762.2, 32908.65, 32893.600000000006, 33018.65, 32950.3, 32825.25, 32929.775, 33013.925, 33012.225000000006, 33034.55, 33116.3, 33056.325, 32998.75, 32977.825000000004, 33076.37500000001, 33187.725000000006, 33192.950000000004, 33141.07500000001, 32991.675, 33178.025, 33163.875, 33267.25, 33146.274999999994, 33293.925, 33295.825, 33262.625, 33235.45, 33368.625, 33335.774999999994, 33264.725000000006, 33189.425, 33292.625, 33323.975000000006, 33463.225000000006, 33382.5, 33307.600000000006, 33398.9, 33431.25, 33461.525, 33379.4, 33352.275, 33364.8, 33363.925, 33378.450000000004, 33340.95, 33344.475000000006, 33414.0, 33280.05, 33430.45, 33376.725, 33305.025, 33388.125, 33436.600000000006, 33539.325, 33361.45, 33351.5, 33387.725, 33288.100000000006, 33415.275, 33436.15, 33351.0, 33307.275, 33309.45, 33218.40000000001, 33337.325, 33426.275, 33217.850000000006, 33438.774999999994, 33301.1, 33268.950000000004, 33270.424999999996, 33244.025, 33382.600000000006, 33385.649999999994, 33386.7, 33271.15000000001, 33302.65000000001, 33396.475000000006, 33375.5, 33375.475, 33444.625, 33332.725, 33252.55, 33315.325000000004, 33339.55, 33353.7, 33467.075, 33406.675, 33423.525, 33512.025, 33462.850000000006, 33481.975, 33536.350000000006, 33543.05, 33420.350000000006, 33382.90000000001, 33489.8, 33635.025, 33613.525, 33598.95, 33510.100000000006, 33515.55, 33486.9, 33474.075000000004, 33514.775, 33404.0, 33452.5, 33451.45, 33361.475, 33516.425, 33407.925, 33401.7, 33487.575, 33457.075, 33403.975000000006, 33521.975000000006, 33505.625, 33486.0, 33448.975000000006, 33439.475, 33391.90000000001, 33505.8, 33514.3, 33355.75, 33419.15, 33497.6, 33446.85, 33555.77500000001, 33497.55, 33462.075000000004, 33516.6, 33500.9, 33537.725000000006, 33534.3, 33485.675, 33529.325, 33555.2, 33497.75, 33428.55, 33453.700000000004, 33543.025, 33459.175, 33511.100000000006, 33497.4, 33532.175, 33570.175, 33617.475, 33444.225, 33550.55, 33727.75, 33592.625, 33582.25, 33586.725, 33519.075, 33406.350000000006, 33504.375, 33530.925, 33633.375, 33581.3, 33577.75, 33529.225, 33587.3, 33556.5, 33470.450000000004, 33518.0, 33462.4, 33501.05, 33531.675, 33601.275, 33442.675, 33482.95, 33482.950000000004, 33549.825000000004, 33508.05, 33506.100000000006, 33577.075, 33565.075, 33504.524999999994, 33455.850000000006, 33420.025, 33427.175, 33632.125, 33538.25, 33586.025, 33594.100000000006, 33446.775, 33535.149999999994, 33494.15, 33513.75, 33567.775, 33467.775, 33605.8, 33451.175, 33374.725, 33480.625, 33462.350000000006, 33464.25, 33466.925, 33576.55, 33448.525, 33508.850000000006, 33460.625, 33428.85, 33468.15, 33446.3, 33538.325000000004, 33482.975, 33593.25, 33492.375, 33429.274999999994, 33470.875, 33711.450000000004, 33583.625, 33602.675, 33480.55, 33488.725, 33557.225000000006, 33576.274999999994, 33672.45, 33626.05, 33621.65, 33607.825000000004, 33583.725000000006, 33602.45, 33498.299999999996, 33656.4, 33674.225, 33745.175, 33668.65, 33644.15, 33565.4, 33398.175, 33524.25, 33575.075000000004, 33511.55, 33569.65, 33538.425, 33473.77500000001, 33632.450000000004]"
0,4.1,1,"[31761.674999999996, 32205.625, 32619.825, 32688.850000000006, 32706.15, 32468.525, 32551.625, 32795.9, 32649.65, 32829.674999999996, 32805.4, 32703.125000000004, 33085.27500000001, 33047.200000000004, 32992.075, 33043.899999999994, 33001.875, 33030.325000000004, 33135.25, 33065.275, 33036.125, 33182.875, 33196.325000000004, 33136.55, 33250.425, 33271.075000000004, 33208.850000000006, 33325.175, 33221.825000000004, 33174.95, 33358.75, 33256.05, 33280.9, 33303.25, 33200.725000000006, 33304.025, 33452.125, 33424.925, 33402.25, 33367.7, 33394.925, 33322.95, 33467.350000000006, 33345.975000000006, 33399.45, 33456.200000000004, 33420.55, 33361.525, 33462.100000000006, 33452.225000000006, 33400.025, 33366.7, 33452.2, 33424.275, 33431.6, 33410.475, 33438.525, 33423.525, 33382.65, 33377.25, 33376.100000000006, 33400.025, 33376.95, 33377.225, 33330.7, 33430.05, 33328.75, 33424.55, 33337.3, 33348.375, 33415.45, 33408.100000000006, 33511.625, 33339.600000000006, 33410.675, 33374.925, 33358.025, 33386.75, 33401.3, 33314.825, 33279.375, 33320.95, 33297.05, 33273.825, 33248.3, 33326.75, 33192.350000000006, 33339.5, 33315.475000000006, 33199.525, 33273.200000000004, 33229.350000000006, 33386.375, 33317.675, 33294.25, 33439.950000000004, 33202.475000000006, 33303.175, 33298.95, 33413.87500000001, 33325.825, 33269.625, 33411.925, 33442.45, 33454.175, 33472.4, 33400.125, 33444.850000000006, 33328.125, 33420.100000000006, 33525.425, 33535.15, 33477.02500000001, 33438.025, 33583.625, 33439.55, 33404.45, 33452.975000000006, 33543.27500000001, 33476.8, 33515.200000000004, 33540.825, 33443.375, 33388.649999999994, 33627.575, 33689.625, 33475.225, 33391.825, 33511.725000000006, 33570.25, 33511.075, 33488.0, 33538.825, 33608.8, 33456.100000000006, 33335.625, 33454.575000000004, 33373.6, 33431.05, 33468.65000000001, 33438.774999999994, 33437.0, 33483.3, 33505.450000000004, 33492.850000000006, 33496.675, 33401.450000000004, 33425.075, 33496.05, 33523.375, 33508.200000000004, 33435.25, 33449.549999999996, 33488.600000000006, 33460.775, 33471.475000000006, 33495.850000000006, 33265.025, 33454.225000000006, 33306.975000000006, 33357.600000000006, 33418.475, 33301.775, 33288.8, 33452.7, 33521.55, 33425.225000000006, 33427.65, 33377.275, 33493.525, 33424.0, 33475.15, 33494.350000000006, 33499.2, 33368.375, 33495.9, 33576.2, 33446.5, 33353.649999999994, 33542.7, 33487.25, 33540.450000000004, 33430.45, 33423.025, 33363.8, 33531.525, 33450.05, 33509.8, 33476.375, 33401.5, 33479.675, 33467.125, 33396.95, 33319.775, 33539.675, 33428.125, 33404.225000000006, 33551.675, 33483.25000000001, 33394.475000000006, 33478.424999999996, 33439.899999999994, 33610.175, 33616.0, 33662.275, 33676.225000000006, 33667.5, 33640.2, 33622.7, 33518.9, 33556.625, 33559.225, 33574.6, 33687.25, 33694.375, 33499.9, 33561.7, 33491.375, 33515.275, 33471.75, 33640.1, 33633.125, 33466.275, 33403.8, 33547.8, 33631.125, 33614.575, 33576.5, 33646.25, 33597.35, 33559.125, 33625.325, 33554.5, 33577.77500000001, 33459.350000000006, 33680.125, 33605.125, 33607.375, 33469.55, 33566.725, 33616.55, 33587.2, 33592.424999999996, 33707.25, 33589.55, 33664.600000000006, 33743.675, 33669.0, 33599.9, 33702.8]"
0,4.199999999999999,1,"[31456.699999999997, 32246.825, 32582.9, 32553.025, 32722.574999999997, 32771.975000000006, 32785.275, 32803.274999999994, 32794.075000000004, 32925.3, 32974.899999999994, 32863.200000000004, 32783.200000000004, 33040.275, 32933.85, 32950.875, 32953.975000000006, 33005.2, 33034.5, 32937.325, 33133.575000000004, 33178.95, 33145.375, 33101.375, 33177.65, 33166.975, 33232.025, 33132.45, 33197.4, 33095.85, 33212.925, 33215.35, 33237.575000000004, 33272.8, 33388.375, 33331.350000000006, 33300.275, 33190.3, 33165.049999999996, 33208.0, 33399.95, 33297.55, 33327.725000000006, 33330.525, 33232.55, 33270.100000000006, 33175.174999999996, 33263.75, 33232.475000000006, 33400.4, 33272.75, 33403.55, 33464.675, 33400.700000000004, 33329.774999999994, 33467.95, 33304.600000000006, 33312.35, 33278.725, 33395.625, 33367.425, 33294.350000000006, 33388.75, 33355.7, 33403.575, 33391.75, 33387.975000000006, 33327.8, 33335.45, 33405.975000000006, 33451.0, 33327.3, 33313.325, 33401.05, 33415.675, 33319.775, 33344.100000000006, 33275.175, 33247.675, 33376.0, 33517.425, 33378.325, 33390.774999999994, 33510.5, 33514.350000000006, 33430.85, 33427.025, 33269.175, 33243.95, 33296.15, 33323.65, 33295.025, 33294.5, 33168.3, 33285.875, 33470.4, 33398.825, 33377.875, 33332.85, 33301.45, 33416.0, 33369.575, 33561.9, 33449.7, 33474.15000000001, 33489.8, 33514.774999999994, 33441.95, 33361.975000000006, 33497.725000000006, 33424.7, 33562.45, 33366.675, 33427.100000000006, 33433.4, 33363.575, 33498.05, 33457.5, 33474.25, 33459.100000000006, 33458.575, 33488.875, 33501.15, 33572.274999999994, 33489.475, 33594.925, 33569.475, 33694.275, 33647.925, 33467.475, 33577.425, 33707.825, 33503.825000000004, 33623.850000000006, 33729.275, 33606.525, 33602.75, 33689.75, 33591.875, 33569.625, 33629.125, 33638.450000000004, 33702.35, 33564.325000000004, 33686.825000000004, 33560.55, 33653.675, 33610.5, 33619.65, 33538.90000000001, 33580.15, 33558.725000000006, 33552.925, 33555.25, 33515.825000000004, 33552.2, 33556.85, 33551.925, 33463.424999999996, 33509.875, 33552.575, 33431.0, 33372.9, 33523.725000000006, 33665.149999999994, 33577.425, 33570.125, 33585.475000000006, 33533.675, 33553.05, 33541.675, 33529.075, 33669.325000000004, 33503.175, 33431.274999999994, 33585.775, 33487.375, 33491.975, 33485.925, 33567.875, 33420.649999999994, 33435.675, 33491.325, 33478.0, 33545.625, 33586.825, 33534.024999999994, 33558.0, 33566.9, 33516.025, 33552.975, 33673.85, 33648.8, 33672.75, 33587.100000000006, 33484.425, 33514.175, 33635.775, 33650.2, 33659.3, 33571.3, 33572.75, 33584.850000000006, 33682.899999999994, 33497.149999999994, 33595.875, 33587.3, 33661.65, 33618.75, 33640.625, 33579.25, 33611.700000000004, 33620.125, 33675.2, 33552.625, 33626.125, 33488.2, 33614.15, 33513.524999999994, 33581.25, 33484.675, 33550.3, 33524.25, 33658.925, 33514.475000000006, 33484.075, 33569.425, 33607.0, 33571.975, 33618.675, 33569.5, 33614.85, 33574.225000000006, 33542.5, 33597.975, 33597.425, 33556.975000000006, 33715.175, 33608.3, 33672.8, 33547.200000000004, 33644.6, 33544.4, 33561.375, 33647.850000000006, 33669.525, 33534.975, 33599.850000000006, 33614.775, 33597.925]"
0,4.299999999999999,1,"[32338.774999999998, 32683.85, 32848.950000000004, 32904.55, 32690.700000000004, 32870.450000000004, 32796.5, 32801.15, 32808.024999999994, 32805.4, 32844.15, 32786.575, 32952.775, 32951.90000000001, 33150.325, 33016.325, 32988.55, 33081.775, 33120.25, 33164.175, 33142.375, 33367.475000000006, 33078.775, 33172.825000000004, 33307.375, 33300.375, 33213.85, 33450.825000000004, 33269.975, 33376.325000000004, 33314.9, 33359.05, 33293.850000000006, 33289.975, 33325.05, 33291.600000000006, 33191.925, 33315.5, 33351.05, 33307.9, 33253.5, 33327.225, 33387.100000000006, 33397.4, 33297.325, 33461.05, 33398.2, 33462.025, 33360.85, 33407.575000000004, 33387.025, 33353.725000000006, 33394.15, 33387.3, 33506.325000000004, 33365.275, 33638.6, 33493.625, 33517.325, 33491.475, 33547.425, 33552.75, 33541.075, 33502.55, 33451.925, 33553.975, 33574.375, 33504.825, 33538.625, 33368.350000000006, 33345.15, 33568.5, 33530.775, 33565.75, 33595.950000000004, 33615.524999999994, 33524.325, 33665.975000000006, 33642.25, 33576.7, 33493.950000000004, 33578.225000000006, 33592.149999999994, 33548.825, 33505.3, 33411.8, 33570.9, 33450.200000000004, 33573.7, 33572.0, 33559.924999999996, 33550.65, 33614.25, 33568.350000000006, 33636.2, 33600.325, 33713.55, 33658.45, 33651.875, 33592.0, 33466.15, 33559.02500000001, 33586.45, 33594.5, 33546.625, 33600.825, 33663.825000000004, 33654.325, 33633.225, 33530.25, 33560.925, 33650.975, 33648.625, 33596.6, 33617.975, 33660.575000000004, 33630.225, 33705.2, 33691.025, 33748.075, 33690.275, 33641.375, 33667.9, 33610.625, 33662.15000000001, 33669.8, 33673.0, 33587.925, 33750.3, 33639.2, 33667.55, 33632.225, 33649.725, 33653.600000000006, 33695.0, 33645.350000000006, 33675.600000000006, 33542.375, 33630.424999999996, 33636.5, 33592.375, 33602.5, 33587.950000000004, 33551.275, 33622.65000000001, 33698.8, 33649.05, 33665.525, 33601.8, 33575.149999999994, 33633.7, 33692.325, 33630.75, 33575.325, 33614.875, 33625.675, 33683.875, 33684.325, 33610.825, 33551.45, 33628.85, 33512.950000000004, 33711.775, 33664.275, 33669.3, 33590.95, 33520.775, 33557.875, 33533.675, 33526.525, 33549.049999999996, 33643.05, 33593.850000000006, 33512.325000000004, 33705.15000000001, 33716.774999999994, 33658.350000000006, 33649.45, 33568.524999999994, 33644.100000000006, 33774.125, 33602.524999999994, 33763.950000000004, 33586.625, 33659.9, 33713.425, 33785.05, 33636.175, 33686.025, 33675.8, 33696.75, 33722.15, 33630.35, 33608.0, 33578.90000000001, 33603.4, 33640.274999999994, 33673.45, 33524.399999999994, 33398.65, 33674.875, 33489.05, 33556.425, 33652.475000000006, 33533.125, 33580.325000000004, 33542.274999999994, 33587.975000000006, 33719.175, 33622.725000000006, 33614.15, 33652.275, 33593.275, 33648.825, 33669.450000000004, 33644.1, 33641.6, 33551.274999999994, 33659.55, 33775.350000000006, 33609.525, 33676.0, 33621.45, 33698.225000000006, 33595.7, 33645.1, 33550.625, 33588.0, 33522.4, 33586.100000000006, 33504.2, 33510.925, 33607.625, 33678.8, 33661.075000000004, 33588.575, 33572.975000000006, 33621.5, 33676.475000000006, 33615.025, 33579.5, 33592.450000000004, 33654.149999999994, 33696.5, 33531.225000000006, 33685.100000000006, 33551.95, 33685.65, 33703.850000000006, 33626.175]"
0,4.399999999999999,1,"[32414.324999999993, 32650.799999999996, 32758.850000000002, 32812.925, 32703.425000000003, 32828.149999999994, 33002.774999999994, 32837.399999999994, 32949.525, 32965.075, 33024.2, 32993.375, 33093.125, 33122.0, 33257.225, 33105.225000000006, 33228.8, 33069.175, 33091.65, 33156.425, 33226.65, 33296.90000000001, 33295.125, 33266.675, 33130.575, 33171.3, 33384.325000000004, 33159.649999999994, 33187.725, 33171.62500000001, 33220.2, 33058.200000000004, 33249.15, 33325.525, 33177.375, 33319.15, 33302.625, 33262.100000000006, 33289.95, 33360.125, 33370.55, 33582.325000000004, 33505.175, 33472.875, 33283.65000000001, 33354.525, 33548.0, 33521.125, 33457.475000000006, 33388.7, 33442.15000000001, 33342.275, 33440.85, 33369.775, 33377.475, 33356.275, 33449.274999999994, 33504.450000000004, 33333.475000000006, 33383.05, 33471.325, 33467.025, 33561.775, 33391.275, 33446.45, 33600.825, 33424.925, 33384.025, 33456.575, 33572.45, 33342.075, 33457.325, 33465.700000000004, 33484.350000000006, 33476.425, 33359.8, 33613.8, 33566.65, 33621.95, 33542.0, 33548.850000000006, 33385.925, 33509.675, 33544.95, 33493.825, 33555.225000000006, 33353.625, 33451.875, 33557.825, 33624.425, 33566.075000000004, 33492.6, 33513.325, 33577.75, 33685.875, 33474.100000000006, 33557.4, 33445.674999999996, 33443.325, 33509.774999999994, 33507.675, 33598.05, 33496.675, 33422.4, 33481.05, 33459.275, 33430.175, 33538.3, 33456.175, 33490.55, 33538.95, 33327.25, 33550.3, 33384.725, 33578.675, 33498.2, 33547.55, 33495.5, 33591.100000000006, 33552.575, 33509.850000000006, 33585.675, 33553.424999999996, 33523.75, 33455.025, 33447.125, 33689.2, 33552.35, 33390.8, 33485.45, 33398.274999999994, 33504.125, 33538.1, 33511.3, 33607.725000000006, 33605.25, 33580.600000000006, 33609.15, 33505.5, 33570.525, 33601.45, 33647.1, 33470.875, 33582.175, 33535.35, 33563.524999999994, 33459.875, 33519.625, 33617.549999999996, 33578.40000000001, 33501.1, 33563.3, 33571.775, 33533.625, 33665.825, 33608.325000000004, 33581.625, 33636.15, 33663.725, 33611.65, 33578.725, 33635.399999999994, 33533.35, 33387.725000000006, 33773.975, 33659.100000000006, 33682.7, 33487.75, 33565.5, 33586.100000000006, 33590.225000000006, 33633.875, 33590.45, 33677.35, 33682.725000000006, 33644.85, 33606.1, 33659.025, 33591.899999999994, 33695.25, 33688.525, 33668.6, 33630.275, 33625.025, 33566.65, 33597.850000000006, 33651.575000000004, 33603.55, 33553.2, 33722.7, 33746.25, 33591.125, 33645.25, 33573.399999999994, 33696.45, 33607.825000000004, 33660.475, 33685.725, 33645.825000000004, 33623.675, 33567.95, 33560.075000000004, 33536.575, 33591.25, 33572.350000000006, 33765.775, 33730.45, 33691.649999999994, 33688.8, 33731.525, 33763.600000000006, 33690.450000000004, 33741.75, 33625.225000000006, 33758.725000000006, 33718.875, 33678.40000000001, 33653.225000000006, 33847.4, 33654.675, 33759.4, 33590.65, 33648.149999999994, 33710.15000000001, 33678.6, 33727.95, 33765.85, 33622.05, 33710.95, 33605.975000000006, 33736.350000000006, 33704.725000000006, 33582.399999999994, 33638.975000000006, 33740.37500000001, 33726.2, 33703.475, 33701.975, 33732.09999999999, 33712.575000000004, 33740.3, 33729.175, 33753.625, 33713.15, 33648.125, 33690.825, 33785.75, 33759.7, 33789.175, 33630.5]"
0,4.499999999999998,1,"[32532.199999999997, 32677.4, 33043.225, 33028.25, 33052.850000000006, 32838.55, 32829.45, 33049.525, 32986.875, 32946.025, 33215.8, 33168.525, 32932.875, 33042.325, 33215.575, 33165.25, 33016.575, 33088.05, 33225.25, 33243.25, 33295.25, 33285.925, 33413.75, 33249.575, 33225.25, 33212.399999999994, 33285.625, 33282.225000000006, 33332.475000000006, 33342.725, 33426.3, 33235.325000000004, 33335.775, 33333.075, 33261.3, 33213.15, 33254.075, 33466.875, 33211.625, 33441.924999999996, 33413.149999999994, 33316.975000000006, 33471.775, 33543.375, 33532.899999999994, 33454.65, 33399.475000000006, 33469.95, 33334.325, 33361.25, 33392.25, 33338.174999999996, 33396.3, 33428.55, 33368.4, 33547.375, 33590.175, 33590.3, 33535.65, 33499.8, 33409.3, 33505.425, 33556.875, 33516.45, 33432.925, 33478.825, 33456.8, 33487.75, 33483.725, 33473.275, 33648.35, 33547.625, 33698.95, 33465.924999999996, 33511.3, 33509.27500000001, 33603.65, 33390.3, 33447.55, 33447.675, 33531.825, 33520.600000000006, 33471.8, 33447.325, 33478.675, 33532.75, 33467.975, 33526.25, 33278.95, 33359.825, 33432.05, 33379.4, 33330.850000000006, 33321.425, 33427.350000000006, 33352.725, 33318.075, 33460.5, 33525.425, 33481.325, 33498.45, 33543.425, 33504.524999999994, 33583.399999999994, 33561.625, 33440.2, 33506.9, 33463.975, 33534.399999999994, 33557.775, 33555.825, 33540.4, 33531.5, 33518.95, 33358.675, 33461.4, 33432.25, 33453.75, 33346.3, 33519.100000000006, 33542.725000000006, 33489.175, 33647.9, 33615.8, 33687.899999999994, 33603.2, 33488.925, 33643.625, 33602.975000000006, 33602.475000000006, 33623.95, 33543.6, 33608.55, 33577.45, 33616.40000000001, 33629.175, 33518.425, 33633.15, 33563.725, 33490.95, 33700.399999999994, 33643.025, 33657.675, 33570.899999999994, 33648.25, 33664.225, 33599.25, 33553.325000000004, 33743.399999999994, 33694.525, 33688.350000000006, 33733.375, 33780.275, 33671.45, 33713.299999999996, 33648.925, 33758.62500000001, 33731.25, 33676.475, 33759.65, 33651.0, 33814.95, 33718.200000000004, 33703.9, 33684.775, 33636.575, 33732.825, 33844.075000000004, 33560.524999999994, 33749.225000000006, 33667.05, 33700.95, 33603.775, 33739.299999999996, 33637.1, 33630.175, 33563.649999999994, 33472.375, 33626.925, 33671.05, 33538.274999999994, 33621.25, 33688.15, 33708.225000000006, 33590.625, 33611.775, 33632.125, 33694.375, 33614.675, 33652.350000000006, 33775.600000000006, 33688.825000000004, 33684.825, 33577.675, 33660.8, 33514.175, 33600.325000000004, 33723.675, 33672.575, 33595.325, 33645.1, 33712.4, 33726.6, 33578.375, 33640.55, 33619.15, 33576.049999999996, 33498.774999999994, 33816.925, 33663.925, 33628.475, 33626.6, 33617.45, 33641.174999999996, 33641.0, 33693.1, 33630.975, 33509.825, 33712.524999999994, 33678.075, 33672.125, 33596.100000000006, 33577.0, 33696.5, 33708.225000000006, 33717.575, 33713.05, 33629.625, 33657.075000000004, 33747.45, 33706.450000000004, 33677.375, 33704.65, 33682.775, 33694.75, 33570.825, 33604.55, 33712.325, 33687.05, 33716.7, 33698.425, 33642.975000000006, 33736.25, 33696.925, 33599.774999999994, 33673.625, 33652.700000000004, 33604.55, 33595.75, 33628.975]"
0,4.599999999999998,1,"[33105.575, 32900.524999999994, 33001.899999999994, 32851.225, 33070.875, 32954.95, 32966.575, 33069.725, 32961.174999999996, 32979.05, 33047.2, 33217.25, 33181.525, 33161.85, 33258.924999999996, 33048.9, 33261.149999999994, 33306.77500000001, 33293.600000000006, 33242.65, 33312.25, 33191.425, 33447.425, 33246.725000000006, 33415.575000000004, 33360.075000000004, 33253.275, 33430.175, 33416.8, 33459.975, 33492.975000000006, 33643.525, 33524.85, 33464.175, 33489.5, 33449.775, 33456.875, 33464.425, 33493.35, 33434.7, 33420.850000000006, 33501.4, 33499.95, 33526.9, 33461.05, 33464.1, 33496.05, 33503.7, 33500.075, 33541.700000000004, 33436.6, 33442.675, 33542.95, 33618.375, 33472.325000000004, 33597.100000000006, 33554.100000000006, 33680.925, 33585.725, 33487.725, 33634.775, 33627.2, 33692.95, 33620.625, 33551.024999999994, 33487.825, 33513.775, 33633.175, 33540.9, 33653.149999999994, 33560.1, 33590.275, 33623.95, 33614.025, 33666.024999999994, 33679.325, 33688.350000000006, 33660.475, 33544.15, 33628.649999999994, 33663.0, 33634.05, 33684.8, 33553.875, 33585.9, 33570.525, 33635.525, 33695.325000000004, 33649.775, 33586.975000000006, 33556.975000000006, 33676.55, 33715.3, 33675.674999999996, 33678.149999999994, 33614.65, 33696.7, 33674.25, 33774.5, 33714.4, 33585.725000000006, 33569.225, 33653.725000000006, 33644.65, 33648.975, 33657.35, 33726.825000000004, 33720.775, 33725.899999999994, 33706.6, 33676.299999999996, 33532.4, 33513.4, 33797.325, 33632.825, 33682.125, 33680.5, 33613.65, 33612.149999999994, 33667.399999999994, 33752.0, 33706.65000000001, 33713.225000000006, 33678.55, 33807.775, 33619.85, 33619.925, 33665.125, 33634.175, 33659.45, 33480.75, 33677.024999999994, 33591.175, 33635.3, 33719.225000000006, 33620.0, 33608.675, 33748.100000000006, 33701.6, 33603.175, 33634.675, 33568.225, 33753.675, 33570.450000000004, 33660.475, 33597.725000000006, 33624.65, 33642.00000000001, 33658.65, 33527.75, 33637.350000000006, 33569.425, 33524.649999999994, 33623.625, 33578.425, 33552.85, 33656.4, 33459.0, 33546.225000000006, 33613.5, 33568.2, 33625.65, 33541.35, 33604.65, 33571.725000000006, 33590.725, 33614.100000000006, 33532.475, 33722.4, 33676.325000000004, 33761.399999999994, 33488.1, 33589.275, 33591.5, 33496.7, 33722.6, 33723.425, 33633.65, 33568.45, 33623.4, 33810.25, 33659.875, 33662.3, 33593.0, 33682.149999999994, 33651.925, 33657.0, 33722.225000000006, 33619.3, 33712.975, 33669.225000000006, 33761.6, 33690.5, 33808.274999999994, 33783.6, 33618.125, 33681.325000000004, 33625.35, 33651.1, 33808.5, 33727.725, 33778.1, 33606.825, 33825.275, 33685.1, 33751.125, 33748.925, 33768.05, 33699.8, 33695.95, 33674.55, 33711.175, 33660.05, 33782.174999999996, 33711.075, 33771.825, 33583.0, 33781.25, 33637.175, 33681.25, 33759.375, 33805.25, 33666.075, 33689.475000000006, 33752.15, 33688.45, 33606.4, 33557.875, 33832.25, 33790.9, 33707.4, 33592.35, 33727.825, 33739.625, 33781.2, 33693.075, 33660.075000000004, 33602.425, 33668.8, 33635.45, 33728.175, 33660.1, 33558.575, 33583.925, 33620.225000000006, 33739.450000000004, 33596.25, 33581.925, 33583.425, 33458.05]"
0,4.6999999999999975,1,"[33611.17499999999, 33027.899999999994, 33031.375, 32880.275, 32986.75, 33182.674999999996, 33088.875, 33041.85, 33003.825, 33251.025, 33182.5, 33117.9, 33315.125, 33201.55, 33282.6, 33237.6, 33334.925, 33219.2, 33270.075, 33360.600000000006, 33442.475000000006, 33434.575, 33302.975000000006, 33399.925, 33500.425, 33494.65, 33434.05, 33488.649999999994, 33414.0, 33512.3, 33594.95, 33577.95, 33472.725, 33458.3, 33599.450000000004, 33619.1, 33557.475000000006, 33458.875, 33474.975, 33462.825, 33659.3, 33546.549999999996, 33324.825, 33536.8, 33550.8, 33496.175, 33481.625, 33558.375, 33450.4, 33495.5, 33531.350000000006, 33567.35, 33476.725, 33628.1, 33682.625, 33582.75, 33725.525, 33689.825, 33714.975000000006, 33507.27500000001, 33502.5, 33671.85, 33643.05, 33712.55, 33512.649999999994, 33629.175, 33658.675, 33734.625, 33679.525, 33617.325000000004, 33588.775, 33435.625, 33559.3, 33653.075, 33592.350000000006, 33464.75, 33528.425, 33574.975000000006, 33744.925, 33575.075, 33605.625, 33676.3, 33613.3, 33679.40000000001, 33544.25, 33627.95, 33636.274999999994, 33650.125, 33736.05, 33603.925, 33646.774999999994, 33764.95, 33681.55, 33533.175, 33528.3, 33540.625, 33583.5, 33580.9, 33538.325000000004, 33562.475000000006, 33621.325, 33523.524999999994, 33641.775, 33768.875, 33636.75, 33573.625, 33545.625, 33512.9, 33629.125, 33794.8, 33722.575, 33690.15, 33654.700000000004, 33693.975, 33654.350000000006, 33588.9, 33640.850000000006, 33543.875, 33868.55, 33678.274999999994, 33742.175, 33805.45, 33726.4, 33591.95, 33604.725, 33835.825, 33681.8, 33778.825000000004, 33739.025, 33692.5, 33726.25, 33735.225, 33863.4, 33719.975, 33672.05, 33817.45, 33719.975, 33737.625, 33659.175, 33601.075, 33772.55, 33652.6, 33822.55, 33795.95, 33629.125, 33734.95, 33770.725, 33621.25, 33863.925, 33692.175, 33741.15, 33687.649999999994, 33635.55, 33676.325, 33654.6, 33687.55, 33694.65000000001, 33717.95, 33600.4, 33531.975000000006, 33532.674999999996, 33609.7, 33632.75, 33785.399999999994, 33604.225, 33715.675, 33631.425, 33731.35, 33729.075, 33683.0, 33798.425, 33729.450000000004, 33749.35, 33733.675, 33818.85, 33683.9, 33735.575, 33732.9, 33755.825, 33836.575, 33739.475000000006, 33707.275, 33752.9, 33692.45, 33735.7, 33803.35, 33691.075000000004, 33733.225000000006, 33759.475, 33740.325, 33714.274999999994, 33669.5, 33720.375, 33743.3, 33769.95, 33827.225000000006, 33748.675, 33781.1, 33849.299999999996, 33723.5, 33721.399999999994, 33903.175, 33802.75, 33801.175, 33814.0, 33785.625, 33809.55, 33677.35, 33679.825000000004, 33772.25, 33720.649999999994, 33768.95, 33775.2, 33813.8, 33783.375, 33887.55, 33722.9, 33746.200000000004, 33609.125, 33717.875, 33711.100000000006, 33766.05, 33594.0, 33671.774999999994, 33775.7, 33743.725, 33739.675, 33687.95, 33794.85, 33784.225000000006, 33705.875, 33761.8, 33680.775, 33720.100000000006, 33641.649999999994, 33654.350000000006, 33734.575, 33766.024999999994, 33710.675, 33779.925, 33829.65, 33625.200000000004, 33671.674999999996, 33576.5, 33661.1, 33679.05, 33673.925, 33655.575, 33776.925, 33756.125]"
0,4.799999999999997,1,"[33908.774999999994, 33362.3, 33154.625, 33247.0, 33118.75, 33110.05, 33218.175, 33102.375, 33184.3, 33086.775, 33223.55, 33150.125, 33168.35, 33227.8, 33213.5, 33410.075000000004, 33200.175, 33327.45, 33318.275, 33562.675, 33426.95, 33486.475, 33596.325, 33533.25, 33335.675, 33579.175, 33353.850000000006, 33446.9, 33525.625, 33445.95, 33558.649999999994, 33506.3, 33590.25, 33464.725, 33471.024999999994, 33530.75, 33542.475000000006, 33586.049999999996, 33527.0, 33631.125, 33572.024999999994, 33417.95, 33588.475000000006, 33461.775, 33597.5, 33587.25, 33610.649999999994, 33558.625, 33699.85, 33604.9, 33643.325, 33598.475, 33681.775, 33581.5, 33594.024999999994, 33482.375, 33623.875, 33580.6, 33582.525, 33592.125, 33687.77500000001, 33737.8, 33601.025, 33828.35, 33726.825, 33721.575, 33592.6, 33704.0, 33766.7, 33590.125, 33717.925, 33728.125, 33788.375, 33753.025, 33609.225000000006, 33628.7, 33740.375, 33641.5, 33611.625, 33713.35, 33645.4, 33632.0, 33713.075000000004, 33741.05, 33800.675, 33639.4, 33664.325, 33776.3, 33699.2, 33810.575, 33875.8, 33787.375, 33767.75, 33623.600000000006, 33708.275, 33777.225000000006, 33646.275, 33699.425, 33787.049999999996, 33779.1, 33700.825, 33693.175, 33776.55, 33659.625, 33662.0, 33626.275, 33732.35, 33669.45, 33698.125, 33619.275, 33712.875, 33779.875, 33730.075000000004, 33749.899999999994, 33790.25, 33676.225000000006, 33772.775, 33672.55, 33805.77500000001, 33731.875, 33756.45, 33714.825, 33742.85, 33761.85, 33929.600000000006, 33763.6, 33763.899999999994, 33852.05, 33698.05, 33642.875, 33812.649999999994, 33592.025, 33795.3, 33729.725000000006, 33857.450000000004, 33680.85, 33810.725, 33748.8, 33738.525, 33660.1, 33851.274999999994, 33793.125, 33796.25, 33806.025, 33730.175, 33714.45, 33796.325, 33815.149999999994, 33802.125, 33706.375, 33707.425, 33668.35, 33772.45, 33816.5, 33747.5, 33761.4, 33801.45, 33854.075, 33968.175, 33783.15, 33820.825, 33972.75, 33838.3, 33822.6, 33846.125, 33823.425, 33862.125, 33838.525, 33776.174999999996, 33772.850000000006, 33740.625, 33799.325, 33976.425, 33887.55, 33771.975, 33780.825, 33820.65, 33786.575, 33835.075, 33930.2, 33876.925, 33766.45, 33855.375, 33778.6, 33826.899999999994, 33796.8, 33824.3, 33866.025, 33863.85, 33875.5, 33866.8, 33859.95, 33693.325, 33883.700000000004, 33793.75, 33938.175, 33824.375, 33667.325, 33780.4, 33751.15, 33701.8, 33824.325, 33714.024999999994, 33886.225000000006, 33879.95, 33879.375, 33742.65, 33795.25, 33734.925, 33686.75, 33766.450000000004, 33735.375, 33845.774999999994, 33754.75, 33814.8, 33817.024999999994, 33770.9, 33747.5, 33772.125, 33811.899999999994, 33776.075, 33726.100000000006, 33763.575, 33837.95, 33837.075, 33790.399999999994, 33769.850000000006, 33829.149999999994, 33747.675, 33849.625, 33808.725000000006, 33802.2, 33833.75, 33857.825, 33642.4, 33912.55, 33967.125, 33851.175, 33843.075, 33854.600000000006, 33871.625, 33687.8, 33860.575, 33760.125, 33724.274999999994, 33697.05, 33930.925, 33868.575, 33707.625, 33944.625]"
0,4.899999999999997,1,"[34271.67499999999, 33809.95, 33273.45, 33134.8, 33219.075, 33019.09999999999, 32929.5, 33213.875, 33215.925, 33245.775, 33377.475, 33360.55, 33162.65, 33393.425, 33467.399999999994, 33278.05, 33366.325000000004, 33311.8, 33292.275, 33424.25, 33459.9, 33469.5, 33436.649999999994, 33491.55, 33537.475, 33509.725000000006, 33589.1, 33387.425, 33229.8, 33518.825, 33603.025, 33492.850000000006, 33423.775, 33636.575, 33329.125, 33534.85, 33421.475000000006, 33385.075, 33427.274999999994, 33446.5, 33556.65, 33634.325, 33508.625, 33530.575, 33662.5, 33615.625, 33646.225, 33541.725000000006, 33663.25, 33563.6, 33647.55, 33444.025, 33640.775, 33544.875, 33681.775, 33529.375, 33759.55, 33839.75, 33664.35, 33551.100000000006, 33566.25, 33732.675, 33633.775, 33598.075, 33549.775, 33566.4, 33718.149999999994, 33675.475, 33678.775, 33634.475000000006, 33634.450000000004, 33579.475000000006, 33684.9, 33636.35, 33662.274999999994, 33623.5, 33644.5, 33609.55, 33571.525, 33621.9, 33536.5, 33626.75, 33670.149999999994, 33636.025, 33653.375, 33851.475, 33701.975000000006, 33630.775, 33787.625, 33592.15, 33692.05, 33515.45, 33622.55, 33827.375, 33692.4, 33627.2, 33675.9, 33756.675, 33718.3, 33669.775, 33535.45, 33704.6, 33812.4, 33655.350000000006, 33630.575, 33634.55, 33745.875, 33765.850000000006, 33697.95, 33654.375, 33705.975, 33716.125, 33679.049999999996, 33690.125, 33706.625, 33735.975000000006, 33931.725, 33834.62500000001, 33598.62500000001, 33689.9, 33619.9, 33630.475, 33891.95, 33712.45, 33694.775, 33661.600000000006, 33708.02500000001, 33799.025, 33818.0, 33669.075, 33584.125, 33837.575, 33715.3, 33672.375, 33660.5, 33690.125, 33680.8, 33681.399999999994, 33734.225, 33637.625, 33584.825000000004, 33656.47499999999, 33792.975000000006, 33724.87500000001, 33762.625, 33618.175, 33689.275, 33793.125, 33726.95, 33609.975, 33624.425, 33733.1, 33783.0, 33701.34999999999, 33707.525, 33822.425, 33871.175, 33824.575000000004, 33849.425, 33817.45, 33783.100000000006, 33802.7, 33846.15, 33734.100000000006, 33749.225000000006, 33723.7, 33725.075, 33679.075, 33697.025, 33810.425, 33783.399999999994, 33689.375, 33621.7, 33678.149999999994, 33768.825, 33593.350000000006, 33803.075, 33800.700000000004, 33743.8, 33683.925, 33873.37500000001, 33607.65, 33631.5, 33733.375, 33778.899999999994, 33649.375, 33759.275, 33712.399999999994, 33904.075000000004, 33742.975, 33742.975, 33840.3, 33782.425, 33771.675, 33708.45, 33861.975000000006, 33652.525, 33657.15, 33719.87499999999, 33640.275, 33689.125, 33753.95, 33864.625, 33693.77500000001, 33798.975, 33574.549999999996, 33717.125, 33695.925, 33707.2, 33573.075, 33612.475000000006, 33816.825, 33750.675, 33719.175, 33771.625, 33740.175, 33829.525, 33692.775, 33812.025, 33798.274999999994, 33745.100000000006, 33708.5, 33870.45, 33705.05, 33713.375, 33816.775, 33842.025, 33959.625, 33800.925, 33840.350000000006, 33863.925, 33858.575, 33792.975000000006, 33769.175, 33782.225, 33828.0, 33788.524999999994, 33771.5, 33891.774999999994, 33790.2, 33717.125, 33739.3, 33783.375, 33764.75, 33713.5, 33671.65, 33787.45, 33789.4, 33850.05, 33778.75]"
0,4.9999999999999964,1,"[34196.999999999985, 33641.925, 33698.325, 33263.024999999994, 33349.524999999994, 33280.925, 33119.375, 33164.1, 33136.975000000006, 33289.55, 33268.825, 33152.15, 33329.775, 33496.424999999996, 33480.850000000006, 33329.149999999994, 33445.075, 33431.65, 33595.75000000001, 33506.025, 33415.4, 33471.125, 33381.35, 33605.8, 33385.299999999996, 33589.274999999994, 33631.375, 33475.75, 33536.4, 33614.625, 33454.0, 33589.7, 33704.275, 33658.1, 33643.375, 33661.025, 33683.575, 33802.6, 33592.8, 33553.3, 33682.725000000006, 33758.275, 33555.3, 33511.625, 33815.35, 33699.875, 33582.85, 33588.575000000004, 33665.95, 33531.875, 33617.425, 33539.475000000006, 33588.549999999996, 33500.45, 33578.675, 33779.3, 33639.475, 33689.925, 33637.45, 33741.100000000006, 33559.35, 33513.25, 33504.975000000006, 33721.7, 33646.875, 33534.075, 33735.225000000006, 33570.675, 33809.525, 33566.399999999994, 33747.175, 33688.40000000001, 33723.45, 33730.625, 33668.27500000001, 33695.625, 33856.7, 33693.8, 33699.35, 33608.95, 33751.175, 33664.225, 33697.975, 33740.35, 33506.4, 33669.125, 33728.4, 33709.899999999994, 33669.65, 33667.55, 33698.55, 33619.55, 33680.100000000006, 33658.925, 33795.725000000006, 33850.45, 33711.0, 33793.325, 33724.90000000001, 33554.899999999994, 33659.8, 33666.125, 33803.625, 33669.725000000006, 33806.0, 33650.625, 33731.35, 33723.125, 33720.5, 33811.175, 33761.899999999994, 33770.0, 33766.725000000006, 33706.625, 33808.100000000006, 33761.55, 33733.425, 33769.799999999996, 33753.875, 33746.275, 33759.375, 33731.175, 33585.3, 33710.45, 33709.625, 33694.7, 33682.024999999994, 33752.675, 33764.525, 33721.225000000006, 33556.899999999994, 33555.575, 33680.8, 33670.4, 33616.9, 33805.325, 33686.55, 33569.3, 33606.05, 33748.399999999994, 33737.575000000004, 33588.725000000006, 33518.0, 33653.0, 33805.575000000004, 33888.950000000004, 33654.175, 33754.274999999994, 33715.425, 33687.2, 33690.55, 33591.825, 33646.475, 33652.775, 33656.825, 33614.75, 33590.025, 33809.25, 33595.975, 33594.025, 33701.025, 33662.5, 33655.024999999994, 33642.55, 33634.55, 33810.075, 33658.725000000006, 33732.675, 33682.175, 33667.55, 33748.7, 33630.225, 33676.85, 33506.4, 33719.725, 33690.325000000004, 33739.775, 33802.97499999999, 33670.775, 33702.9, 33649.225, 33701.775, 33661.2, 33746.75, 33741.649999999994, 33765.84999999999, 33834.700000000004, 33698.149999999994, 33860.875, 33705.95, 33760.95, 33836.175, 33855.575, 33849.625, 33672.9, 33741.5, 33663.649999999994, 33763.049999999996, 33855.375, 33798.725000000006, 33829.825, 33818.600000000006, 33866.55, 33779.375, 33670.325000000004, 33664.575, 33827.625, 33755.95, 33621.025, 33833.725000000006, 33733.45, 33811.075, 33775.85, 33743.625, 33817.125, 33786.024999999994, 33753.25, 33844.075, 33750.975, 33884.45, 33698.799999999996, 33889.725, 33762.325, 33792.325, 33762.825000000004, 33839.47499999999, 33728.3, 33829.4, 33827.975000000006, 33803.649999999994, 33842.375, 33747.375, 33790.65, 33770.875, 33799.649999999994, 33767.399999999994, 33843.925, 33874.625, 33900.0, 33868.425, 33950.325, 33780.774999999994, 33837.100000000006, 33818.8, 33764.625, 33832.075, 33783.524999999994, 33813.075, 33805.15, 33790.0]"
